\xEF\xBB\xBF英文單字,中文解釋
a lot of,許多
ability,能力、才幹
abroad,國外、海外
absent,缺席的、心不在焉的
accept,接受、認可
accident,意外的事、事故
achieve,完成、達到、實現
across,橫過、穿過、在對面
act,行動、做、行為、動作、法令
action,動作、行動
active,活躍的、積極的
activity,活動
actor,男演員
actress,女演員
add,添加、增添
addition,加、加法、增加
address,地址、住址、演講
adjective,形容詞的
admire,欽佩、讚賞
admit,承認、准許進入
adopt,收養、採取
adult,成人
advance,前進、向前移動、進展
advantage,優勢、有利條件、利益
adverb,副詞
advertisement,廣告
advice,勸告、意見
advise,勸告、建議、通知
affair,事情、事件
affect,影響
against,違反、逆、反對、倚在
ahead,在前、向前、提前
aid,幫助、援助
AIDS,愛滋病
aim,把…瞄準、旨在
air conditioner,空調機
aircraft,飛行器、航行器
airline,航線
airmail,航空信
alarm,警報
alarm clock,鬧鐘
album,相簿
alike,同樣的、相像的
alive,活著的、存在的、活躍的
alley,弄、小巷、胡同
allow,允許、准許
alone,單獨的、孤獨的、獨自地
aloud,出聲地、大聲地
alphabet,字母、字母表
altogether,總共、完全、總之
ambulance,救護車
among,在…之中、在…之間
amount,合計
ancient,已往的、古代的、遠古的
angel,天使、完善可愛的人
anger,憤怒、使發怒
ankle,踝
ant,螞蟻
anyway,無論如何
anywhere,任何地方、無論哪裡
apologize,道歉、認錯
appearance,出現、露面、外貌、外觀
apply,申請、應用
appreciate,瞭解、欣賞、感激
area,地區、地域、範圍、面積
argue,爭論、爭辯、論證、主張
armchair,扶手椅
army,軍隊、軍
arrange,安排
arrest,逮捕、拘留
article,文章、論文、條款、物件、冠詞
artist,藝術家、美術家
as if,好像
as soon as,儘快
as well as,也、不僅而且
Asia,亞洲
Asian,亞洲人的、亞洲人
asleep,睡覺的
assistant,助手、助理、助教
assume,假定、設想
attack,攻擊、進攻、襲擊
attend,出席
attention,注意、留心
audience,聽眾、觀眾、接見
Australia,澳大利亞
Australian,澳大利亞人的、澳大利亞人
auxiliary,輔助的、協助的
available,可利用的、可獲取得的
avoid,避免
awake,喚醒、使覺醒
aware,意識到
baby sitter,褓母
backward,向後地、相反地
badminton,羽毛球
bake,烘、烤
balcony,陽臺
balloon,氣球
banker,銀行家
bar,條、棒、橫木、酒吧間、障礙物
barbecue,吃烤燒肉的野餐
barber,理髮師
bark,狗吠、叫、大聲叫喊
base,基地、建立在基礎上
basement,地下室
basic,基本的、基礎的
basis,基礎、根據
bat,蝙蝠
bean,豆
beard,鬍鬚
beat,打、擊、打敗、跳動
beautifully,美麗地
beer,啤酒
beginner,初學者
beginning,開始、起源
behave,行為、表現、舉止
being,存在、生存
belief,信任、信心、信仰
bench,長凳、長椅
besides,在旁邊、在附近
best,最好的、最好地
better,較好的、更好的、好轉的
beyond,在那邊、超出、超過
bicycle riding,騎腳踏車
bill,帳單、鈔票、喙
biology,生物學
bit,一點、一些
bitter,痛苦的、有苦味的、寒冷入骨的
blame,責備、責怪
blank,空的、空白的
blanket,毯子
blood,血液、血統
blouse,女式襯衫
board,木板、董事會、上車船
boil,沸騰、使沸騰
bomb,炸彈
bone,骨、骨骼
bookcase,書櫥
both xxx and,兩個都、既…又…
bother,打擾、麻煩
bow,弓、蝴蝶結、鞠躬
bowling,保齡球
boyfriend,男朋友
brain,腦袋、智力
branch,樹枝、分支、分部、分公司
brave,勇敢的
brick,磚、積木
brief,摘要、簡短的、短暫的
Britain,英國
British,英國人的、英國人
broad,寬的、廣闊的、廣泛的
broadcast,廣播、播音
brunch,早午餐
bucket,水桶、桶
buffet,自助餐廳、打擊
bug,蟲、軟體錯誤
building,建築物、大樓
bun,小圓麵包
bundle,包、捆、束
burger,漢堡
burst,爆裂、爆炸
bus stop,公共汽車站
butterfly,蝴蝶
button,鈕扣、按扭
cabbage,甘藍菜、捲心菜
cabinet,櫥櫃、內閣
cable,粗索、電纜
cafeteria,自助餐廳
cage,籠
calendar,月曆、行事曆
calm,平靜的、鎮靜的
camping,露營
campus,校園、園區
Canada,加拿大
Canadian,加拿大人
cancel,取消
cancer,癌
candle,蠟燭
captain,上尉、隊長、船長、機長
career,事業、生涯
carefully,小心地
careless,不注意的、粗心大意的
carpet,地毯
carrot,胡蘿蔔
cartoon,卡通畫、動畫片
cash,現金
cassette,卡式盒
castle,城堡
cause,原因、起因、使產生
CD,光碟、雷射唱片
CD player,雷射唱片播放器
ceiling,天花板
cell,單元、細胞、電池
centimeter,釐米、公分
central,中央的、中心的
century,世紀、百年
cereal,穀物、穀類食品
certain,確定的、肯定的
certainly,的確、一定、當然可以
chairman,主席、議長、董事長
channel,海峽、水渠、通訊頻道
chapter,章
character,性格、特性、品格、人物
charge,索價、控告、充電、費用
chart,海圖、圖表
chase,追趕、驅逐、追求
cheerleader,啦啦隊隊長
chemical,化學的
chess,西洋棋
chief,首領、酋長、首要的
childhood,孩童時期
childish,孩子氣的、幼稚的
childlike,孩子似的、天真無邪的
children,一個以上的孩童
chin,下巴、下頷
Chinese New Year,農曆新年
choice,選擇、抉擇
choose,選擇、挑選
Christmas Eve,聖誕前夕
chubby,胖嘟嘟的、圓胖的
citizen,公民、市民、居民
claim,聲稱、主張、要求
clap,拍手、拍
class leader,班長
classic,傑作、名著、第一流的
classical,古典的、傳統的
clerk,店員、辦事員、職員
clever,聰明的、機靈的
climate,氣候、風土
climbing,攀登、登山
closet,壁櫥、小櫥
cloth,布、布料、抹布
clothing,衣服
coach,長途公共汽車、教練、訓練
coast,海岸、海濱
cockroach,蟑螂
coin,硬幣
collection,收藏、搜集品
college,大學、學院
comb,梳子、梳理
comfortably,舒適地
command,命令、指揮
comment,註釋、說明、評論
company,公司、同伴、陪伴
compare,比較、對照
complain,抱怨
complete,完全的、完整的、完成
computer game,電腦遊戲
concern,關心、掛念、涉及
confident,自信的
confirm,證實、確實
conflict,衝突、爭論
confuse,使混亂
congratulation,祝賀、恭賀
connective,連結的、連結詞
consider,認為、把…看作、考慮
contact lens,隱形眼鏡
contain,包含、容納
continue,繼續、延續
contract,合同、契約
control,控制、支配、克制
convenience store,便利商店
conversation,談話、會話
cookies,餅乾、小甜點
cooking,烹調
corn,穀物、玉米
corner,角、牆角、街角
cotton,棉花、棉布
cough,咳嗽
countryside,農村
county,縣、郡
couple,夫妻、一對、一雙
courage,勇氣、膽量
course,課程、進程、路線
court,庭院、場地、法庭
crab,蟹
crayon,蠟筆、粉筆畫
cream,奶油、膏、霜
create,創造、創作
credit card,信用卡
crime,犯罪、罪行
crisis,危機、危急關頭
crowd,群、人群、聚集
crowded,擁擠的、客滿的
cruel,殘酷的、殘忍的
culture,文化、教養
culture center,文化中心
cure,治癒、消除
curious,好奇的
current,水流、電流、當前的
curtain,簾、窗簾、幕
curve,曲線
custom,風俗習慣
customer,顧客、主顧
daily,每日的、每日、天天
damage,毀壞、損害
dancing,跳舞
danger,危險
data,資料
dawn,黎明、開始、破曉
deaf,聾的、不願聽的
deal,給予、交易、處理
death,死、死亡
debate,辯論、爭論
debt,債務
decision,決定
decorate,裝飾、裝璜
deep,深的、深切的、深深地
deer,鹿
degree,程度、度數、學位
delay,推遲、耽擱
deliver,投遞、發表
democracy,民主政治
democratic,民主的
dentist,牙醫
deny,否認、拒絕給予
department,部門、部、局
depend,依靠、依賴、決定於
describe,形容、描寫
desert,沙漠、遺棄
design,設計、圖樣
desire,願望、渴望
dessert,甜點
detect,發覺、識破、查出
determine,決定、決心
determiner,限定詞
develop,發展、形成、開發
dial,撥號盤、刻度盤
diamond,鑽石、菱形
diary,日記、日記本
diet,通常所吃的食物
difference,差別、差異
difficulty,困難、難事
diligent,勤奮的
dinosaur,恐龍
diplomat,外交官
direct,直接的、指示、導演
direction,方向、方位
director,指導者、主任、導演
disappear,消失、失蹤
discover,發現、暴露
discuss,討論
discussion,討論、談論
dishonest,不誠實的
distance,距離、間距
divide,分、劃分、隔開
division,分開、分割、除法
dizzy,暈眩的
document,公文、文件
dodge ball,躲避球
dolphin,海豚
donkey,驢子、傻瓜
dot,點
double,兩倍的、雙重的
Double Tenth Day,雙十節
doubt,懷疑
doughnut,甜甜圈
downstairs,樓下
downtown,往市中心、在市中心
dragon,龍
Dragon-boat Festival,端午節
drama,戲劇、劇本
drawer,付款人、製圖者
drawing,畫畫、圖畫、素描
dresser,碗櫃、服裝師
drinks,飲料
drug,藥、毒品
drugstore,藥局
drum,鼓
dryer,烘乾機
duck,鴨子
dumb,啞的
dumpling,餃子
duty,職責、責任、義務、關稅
eagle,鷹
earn,賺得、獲得
earrings,耳環、耳飾
Easter,復活節
eastern,東方的、東部的
edge,邊、邊緣
education,教育、培養
effect,結果、效果、作用
effective,有效的
effort,努力
eighteenth,第十八
either xxx or,或者…或者…
elder,年長的、長輩
elect,選舉、選擇
election,選舉
electric,電的、電動的
electricity,電
element,要素、元素、成分
eleventh,第十一
emotion,情感、情緒、感情
emphasize,強調
employ,雇用、使用
empty,空的、使空
encourage,鼓勵、支援
enemy,敵人、仇敵
energy,精力、活力、能量
engine,引擎
engineer,工程師、技師
England,英格蘭、英國
Englishman,英格蘭人、英國人
entire,全部的、整個的
entrance,入口、門口
envelope,信封
environment,環境
envy,羡慕、妒忌
equal,相等的、平等的、等於
error,錯誤、誤差
especially,特別、尤其
Europe,歐洲
European,歐洲的、歐洲人
even if,即使、縱然
event,事件、大事
everywhere,到處、無論何處
evil,壞的、邪惡的
exact,精確的、確切的
exam,考試
examine,檢查、調查、考試
excite,使興奮、使激動
exercising,運動、體操
exist,存在
exit,出口
expect,預料、等待、期待
expensive fruit,高級水果、昂貴的水果
explain,解釋、說明
express,表示、表達、快車
extra,額外的、外加的
extra large,特大號的
eyebrow,眉毛
fail,失敗、不及格
failure,失敗、失靈
fair,公平的、公正的
family name,姓
fancy,奇特的、愛好、想像力
fantastic,幻想的、奇異的
far,遠
fashionable,流行的、時髦的
fast food,速食
fast food restaurant,速食餐廳
faucet,龍頭
fault,過失、過錯、缺點
favor,好感、喜愛、贊同
fear,害怕、恐怕
feather,羽毛
feeling,感覺
fellow,人員、傢伙、同伴的
fence,柵欄、圍欄、籬笆
fever,發燒
field,田地、領域、範圍
fifteenth,第十五
fight,作戰、打架、拳擊比賽
figure,數字、外形、人物、身材
film,電影、影片、膠捲
final,最後的、決定性的
fire station,消防站
firm,商行、公司、結實的
first grade,一年級
first name,名
fishing,釣魚
fit,適合、合身
flag,旗幟
flashlight,手電筒
flat,平的、公寓
flat tire,洩了氣的輪胎
flight,飛翔、飛行、航班
flour,麵粉
flow,流動、流量
flower shop,花店
flu,流行性感冒
flute,笛、長笛
focus,聚焦、集中、焦點
fog,霧
foggy,多霧的
food restaurant,餐廳
fool,蠢人、傻瓜、愚弄
foolish,愚蠢的
football,足球
force,強迫、迫使、武力、軍隊
forest,森林
forgive,原諒
form,形式、形狀、表格、形成
former,在前的、以前的、前者
forward,向前的、向前地
fourteenth,第十四
fox,狐狸、狡猾的人
France,法國
frank,率直的、坦白的
freedom,自由
freezer,冷凍裝置、電冰箱
freezing,結冰的、極冷的
French,法國的、法國人、法語
French fries,炸薯條
fried chicken,炸雞
fried rice,炒飯
friendship,友誼、友情
frighten,使驚恐、嚇唬
Frisbee,飛盤
frog,青蛙
fry,煎、炸、炒
function,功能、作用、職責
furniture,傢俱
gain,獲得、增加
garage,車庫
gas station,加油站
gate,大門、柵門、登機門
gather,聚集、收集
general,一般的、通用的、將軍
generally,一般地
generation,代、輩、產生
generous,慷慨的、大方的
gentle,和藹的、溫和的
gentleman,先生、紳士
geographical,地理學的
geography,地理學
German,德國人的、德語的、德國人
Germany,德國
gesture,姿勢、手勢
get in,進入、坐上、搭乘
get off,下車、從…下來
get on,上車
ghost,鬼
girlfriend,女朋友
given name,名字、教名
glasses,眼鏡
gloves,手套
glue,膠水
goal,球門、目標、目的
god,神、上帝
gold,金、黃金
golden,金黃色的、極好的
golf,高爾夫
good looking,美貌的、漂亮的
goodness,善良、仁慈
goose,鵝
government,政府、治理
grand,盛大的、豪華的
granddaughter,孫女、外孫女
grandson,孫子、外孫
grape,葡萄
grapefruit,葡萄柚
greedy,貪食的、貪婪的
greet,問候、招呼、迎接
grow up,長大
guard,看守、保衛人員、衛兵
guava,蕃石榴
guest,客人、旅客
guide,嚮導、導遊、指南
guitar,吉他
gun,槍、手槍
guy,男人、傢伙
gym,體操房
haircut,理髮
hairdresser,美髮師
hall,大廳、禮堂
Halloween,萬聖節前夕
hammer,槌、榔頭
handkerchief,手帕
handle,柄、把手、拿、操作、處理
hang,懸掛、吊
hanger,掛衣架
hardly,幾乎不
heater,加熱器、暖爐
height,高、高度、身高
helicopter,直升飛機
hen,母雞
hero,英雄、男主角
hey,嘿、喂
highway,公路
hike,遠足、步行
hiking,步行、遠足、徒步旅行
hip,臀部
hippo,河馬
hippopotamus,河馬
hire,雇傭、租用
hole,洞、孔
homesick,想家的
honesty,正直、誠實
honey,蜂蜜、親愛的
Hong Kong,香港
hop,單腳跳
horrible,恐怖的
host,主人、東道主
housewife,家庭婦女
housework,家務勞動
huge,巨大的、龐大的
human,人的、人類的、人
humble,謙遜的、謙恭的
humid,有濕氣的
humor,幽默、詼諧
humorous,幽默的
hunger,饑餓、渴望
hunt,狩獵、獵取
hunter,獵人
ill,有病的、壞的
imagine,料想、設想、想像
impolite,無禮的、沒規矩的
importance,重要、重要性
impossible,不可能的
improve,改善、改進
in back of,在後面、背地裡
in front of,在…的前面
inch,英寸
include,包括、包含
income,收入、收益
increase,增加、增長
indefinite,不確定的、無限期的
independent,獨立的、自主的
industry,工業、產業、勤奮
influence,影響
information,消息、情報、資訊
ink,墨水、油墨
insect,昆蟲
insist,堅持、堅決主張
inspire,鼓舞、激起
instant,瞬間、立即的
instant noodle,速食麵、泡麵
instrument,器械、儀器、樂器
intelligent,有智力的
international,國際的
interrupt,打斷、打擾
interview,接見、面試
introduce,介紹、引進
invent,發明、創造
invitation,邀請
invite,邀請、聘請
iron,鐵、熨斗、熨燙
Italy,義大利
jam,果醬、堵塞
Japan,日本
Japanese,日本人的、日語的、日本人
jar,甕、瓶、罐
jazz,爵士樂
jealous,妒忌的、羡慕的
jeep,吉普車
jogging,慢跑
joke,笑話、玩笑
journalist,新聞工作者、記者
judge,法官、評定、判斷
kangaroo,袋鼠
Kaohsiung,高雄
ketchup,蕃茄醬
kilometer,公里
kindergarten,幼稚園
kingdom,王國
kitten,小貓
kitty,小貓
koala,無尾熊
Korea,韓國、朝鮮
Korean,韓國人的、朝鮮人的
KTV,卡拉OK電視節目
lack,缺乏、不足
lady,淑女、貴婦、小姐
lamb,小羊、羔羊
lane,小路、小徑
lantern,燈籠
Lantern Festival,元宵節
last name,姓
law,法律、法規、法則
lawyer,律師
lay,放、置、產卵
LD,雷射光碟
leaf,葉子
length,長度、距離
lettuce,萵苣
level,水平、等級
lid,蓋子
lift,提、帶、電梯
lightning,閃電
limit,限度、限制
link,連結、連接
liquid,液體的、流動性的
loaf,一條麵包
local,本地的、局部的
location,場所、位置、地點
lock,鎖、鎖上
locker,小櫥櫃
London,倫敦
Los Angeles,洛杉磯
loser,損失者、失敗者
loss,遺失、損失
lot,許多、大量
lovely,可愛的、秀美的
lunch box,午餐盒、飯盒
lychee,荔枝
ma'am,太太、小姐
mad,瘋狂的、惱火的
magazine,雜誌、期刊
magician,魔術師
main,主要的
major,較大的、主要的、專業
male,雄的
mall,散步式商店街
manager,管理者、經營者
Mandarin,標準中國話
mango,芒果
manner,禮貌
marker,作記號的人
marriage,結婚、婚姻
marry,結婚、娶、嫁
mask,面具、面罩、口罩
mass,眾多、大量
master,主人、大師、精通
mat,席子
match,火柴、比賽
material,材料、原料、物質的
maximum,最大限度、最高的
meaning,意義、意思
measure,量、測量
measurement,測量
mechanic,機械工、技工
melon,瓜
member,成員、會員
memory,記憶、回憶
men's room,男廁
message,訊息、便條、口信
metal,金屬的
meter,米、公尺
method,方法、辦法
Michael Jackson,麥可傑克森
microwave,微波
microwave oven,微波爐
Mid-Autumn Festival,中秋節
middle,中間、中部、中間的
midnight,午夜
milk shake,奶昔
minor,較小的、較次要的
minus,減
mirror,鏡子
missing,失去的、不見了的
mix,混合
model,模型、模範、型號
monster,怪物、妖怪
moon cake,月餅
mop,拖把
mosquito,蚊子
Mother's Day,母親節
motion,運動、活動
mountain-climbing,登山、爬山
movement,運動、活動、移動
movie star,電影明星
movie theater,電影院
MRT,大眾捷運系統
MTV,音樂電視
mud,泥
musician,音樂家
nail,釘子、指甲
napkin,餐巾
narrow,狹窄的
nation,國家、民族
nationality,國籍
natural,自然的、天然的
nature,大自然、性質
naughty,調皮的
nearly,幾乎、差不多
necessary,必要的
necklace,項圈、項鍊
necktie,領帶
needle,針
negative,負的、負面的、底片
neighbor,鄰居
neither,也不、兩者皆不的
neither xxx nor,既不也不
nephew,侄子、外甥
nervous,神經緊張的
nest,巢、窩
New Year's Day,新年元旦
New York,紐約
newspaper,報紙
next to,緊挨著
nice looking,美貌的、漂亮的
niece,侄女、外甥女
nineteenth,第十九
ninetieth,第九十
noisy,喧鬧的
none,沒有一人、沒有一點兒
noodles,麵條
nor,也不
northern,北方的、北部的
not only xxx but also,不僅而且
note,便條、筆記、留意
nut,堅果
obey,順從、聽從
object,物體、目的、反對
occupation,職業、佔有
occur,發生、出現
ocean,洋、海洋
offer,給予、提供、提議
official,官方的、正式的、官員
oh,噢、啊
oh-oh,哦哦
omit,省略、刪節
oneself,自己、自身
onion,洋蔥
oops,噢
operate,運行、操作、手術
operation,運轉、動手術、操作
opinion,意見、看法
ordinary,一般的、普通的
organize,組織、籌辦
out of,出於、向…外
outer space,外太空
oven,烤爐、烤箱
overpass,陸橋、高架道路
overseas,海外的、國外的
over-weight,超重
owner,所有人、物主
ox,公牛、牛
pain,疼痛、痛苦
painful,疼痛的、辛苦的
painter,畫家、油漆匠
pajamas,睡衣
pale,蒼白的、淡的
pan,平底鍋
panda,熊貓
papaya,木瓜
pardon,原諒、饒恕
Paris,巴黎
parking lot,停車場
parrot,鸚鵡
particular,特定的、挑剔的
partner,搭檔、夥伴
passenger,乘客、旅客
paste,糊狀物、麵團
path,小路、小徑
patient,忍耐的、病人
pattern,型、模式、圖案
pause,暫停、中止
peace,和平、和睦、平靜
peaceful,和平的、平靜的
peach,桃子
pear,梨
pencil box,鉛筆盒
pencil case,鉛筆盒
pepper,胡椒粉
perfect,完美的、完滿的
period,時間、時期、句號
personal,個人的、私人的
Philippines,菲律賓
photo,相片
photograph,照片
photographer,攝影師
pigeon,鴿子
pile,一堆、一疊
pillow,枕頭
pin,大頭針、別針
pineapple,鳳梨
pingpong,乒乓球
pipe,管子、管道、煙斗
plain,平原、樸素的、簡單的
plant,植物、工廠、種植
plastic,塑膠的
plate,盤子、平板
platform,月臺
pleasant,令人愉快的
pleased,滿意的
pleasure,高興、樂趣
plus,加
pocket,衣袋、口袋、袖珍的
poem,詩
poison,毒
police officer,警官
police station,警察局
policeman,警察
pollute,弄髒、污染
pollution,污染
pond,池塘
pool,水池
pop music,流行音樂
population,人口
port,港口
position,位置、職位、姿勢
positive,確信的、正面的、積極的
possessive,擁有的
post,張貼、公告、支柱、職位
pot,罐、壺
potato,馬鈴薯
power,權力、力量、功率
praise,稱讚、讚揚
pray,請求、祈求
precious,珍貴的、寶貴的
prefer,更喜歡、寧願
preposition,介系詞
president,總統、校長、主席
press,壓、按、報刊、新聞界
priest,僧侶、牧師
primary,第一的、主要的
primary school,小學
prince,王子、皇太子
princess,公主、王妃
principal,校長
print,印刷、出版
printer,印表機
prison,監獄
prisoner,囚犯
private,私人的、個人的
prize,獎品、獎金
probably,大概、或許
produce,生產、製造、農產品
product,產品
production,生產、產量
professor,教授
progress,前進、進步
project,專案、項目
promise,允諾、答應
pronoun,代名詞
pronounce,發音、宣佈
protect,保護、保衛
prove,證明、證實
provide,供給、提供
pump,抽水機
pumpkin,南瓜
punish,懲罰、處罰
puppy,小狗
purpose,目的、意圖
purse,錢包
puzzle,迷惑、智力遊戲
quality,品質、特徵
quarter,四分之一、季度
quickly,快、迅速地
quit,停止、放棄、辭職
quiz,測驗
race,比賽、種族
railroad,鐵路
raincoat,雨衣
raise,舉起、提高、飼養
rapid,快的、迅速的
rare,稀有的
rat,鼠
rather,相當、寧願
reach,到達、伸出、延伸
reading,閱讀、朗讀
reading test,閱讀測驗
realize,實現、認清、認識
reason,理由、原因、理性
receive,接見、接收
recent,新近的、近來的
record,記錄、唱片
recover,重新獲得、恢復
rectangle,長方形
recycle,使再迴圈、重復利用
reflexive,反身代名詞
refuse,拒絕、謝絕
regard,看待、把…視為、敬意
regret,遺憾、後悔
regular,有規律的、定期的
reject,拒絕、駁回
relative,相對的、親戚
remind,提醒、使…想起
rent,租金、租用、出租
repair,修理、修補
reply,回答、答覆
report,報告
Republic of China,中華民國
require,需要、規定、要求
respect,尊敬、尊重
responsible,有責任的
result,結果、成績、導致
return,返回、歸來、歸還
review,評論、回顧、復習
revise,修訂、修正
rise,起立、起身、起床
rob,搶劫
robot,機器人
rock,岩石、搖滾
role,角色、作用
roll,滾動、轉動、麵包卷
roller skating,輪式溜冰
Rome,羅馬
roof,屋頂
root,根部
rope,繩、索
row,一排、行、划船
rub,摩擦、擦拭
rubber,橡皮、橡膠
rubber band,橡皮筋
rude,無禮的、野蠻的
running,奔跑的
running nose,流鼻水
rush,衝、奔、倉促行動
Russia,俄羅斯
Russian,俄羅斯人的、俄語的
safety,安全、平安
sail,帆、航行
sailing,航行、出航
sailor,水手
salesman,銷售員
sample,樣品、標本
San Francisco,舊金山
sand,沙、沙灘
satisfied,滿意的
satisfy,使滿足
saucer,碟子
scared,驚嚇的、恐懼的
scarf,圍巾
scene,一場、地點、景色
schoolmate,校友
science,科學
scientist,科學家
score,得分、分數
screen,螢幕、屏風
seafood,海鮮
search,搜、尋、探查
second grade,二年級
secondary,第二的、次等的
secret,秘密的、秘訣
secretary,秘書、書記
section,切斷、斷片、區域
seed,種子
seek,尋找、追求
seem,好像、似乎
seesaw,蹺蹺板
select,挑選、選擇
selfish,自私的
semester,學期
sense,感覺、意義、判斷力
separate,分離的、分開
servant,僕人
serve,為…服務、招待
service,服務、維修
set,一套、放、安置、規定
seventeenth,第十七
shake,握手
shark,鯊魚
sharp,鋒利的、銳利的
sheet,一張、床單
shelf,棚、架
shine,照耀、發光
shock,震動、震驚、休克
shoes,鞋
shoot,嫩枝、苗
shopping,購物
shore,岸、濱
shorts,短褲
shot,開槍、射擊
shout,呼喊、呼叫
shower,陣雨、淋浴
shrimp,小蝦
shut,關閉
sight,視力、視覺、風景
sign,標記、招牌、徵兆、簽名
silence,寂靜、沈默
silent,寂靜的、沈默的
silly,傻的、糊塗的
silver,銀色的、銀色
similar,相似的、類似的
simply,簡單地、僅僅
sincere,真誠的、誠摯的
Singapore,新加坡
singing,歌唱、歌聲
single,單一的、單身的
sink,沉、沉沒
sixteenth,第十六
skate,溜冰鞋、輪式溜冰鞋
skating,滑冰、溜冰
ski,滑雪板、滑雪
skiing,滑雪
skill,技能、技巧
skillful,靈巧的、熟練的
skin,皮膚
skinny,骨瘦如材的
sleepy,困乏的、欲睡的
slender,細長的、苗條的
slide,滑行、滑動
slim,苗條的、纖細的
slippers,拖鞋
snail,蝸牛
sneakers,膠底運動鞋
sneaky,鬼祟的、卑劣的
snowman,雪人
snowy,下雪的
soap,肥皂
soccer,足球
social,社交的、社會的
social science,社會科學
society,社會、協會
soda,汽水
soft,軟的、溫柔的
soft drink,碳酸飲料
softball,壘球
soldier,士兵、軍人
solve,解釋、解決
sore throat,喉嚨痛
sort,種類、分類
soul,靈魂、心靈
sour,酸的
southern,南方的、南部的
soy-sauce,醬油
spaghetti,義大利麵條
speaker,說話者、演講者、揚聲器
speech,說話、演說
speed,速度、迅速
spider,蜘蛛
spirit,精神、氣概、烈灑
sport,體育運動
spread,推開、塗敷、傳播
stage,階段、時期、舞臺
stairs,樓梯
stamp,郵票、印章
stamp collecting,集郵
standard,標準、規格
state,狀態、國家、州
stationery,文具
stationery store,文具店
steal,偷、竊取
steam,蒸汽
step,步、腳步、步驟
stick,棒、手杖、刺、黏貼
stingy,吝嗇的、小氣的
stomachache,肚子痛、胃痛
stone,石頭
storm,暴風雨、暴風雪
stormy,暴風雨的
stove,爐、火爐
straight,直的、筆直的
straw,稻草、吸管
strawberry,草莓
stream,小河、溪、流動
strike,打、襲擊、罷工
struggle,鬥爭、奮鬥、掙扎
style,作風、風格、樣式
subject,主題、題目、學科、主語
submarine,潛艇
subway,地鐵
succeed,成功、繼承
success,成就、成功
successfully,成功地
such,這樣的
sudden,突然的
suddenly,突然地
suggest,建議、提議、暗示
suit,合適、適合、一套衣服
suitcase,衣箱、小提箱
supper,晚餐
support,支援、擁護、供養
surf,海浪、衝浪
surface,表面、外表
surfing,衝浪、上網
survive,活下來、倖存
swallow,吞咽、燕子
swan,天鵝
sweep,打掃、掃視
swimming,游泳
swimsuit,游泳衣
swing,搖擺、盪鞦韆
symbol,象徵、符號
table cloth,桌布
table tennis,乒乓球、桌球
tableware,餐具
Taichung,台中
tail,尾巴
Tainan,台南
Taipei,台北
Taiwanese,台灣的、台灣人
talkative,多嘴的、饒舌的
tangerine,椪柑、橘
tank,槽、戰車、坦克車
tape recorder,錄音機
task,任務、工作
Teacher's Day,教師節
teapot,茶壺
tear,眼淚、撕裂
temperature,溫度
temple,神殿、寺廟
tent,帳蓬
term,學期、術語
terrible,可怕的
terrific,令人恐怖的
textbook,教科書、課本
thanksgiving,感謝
Thanksgiving Day,感恩節
therefore,因此、所以
thick,厚的、粗的、濃的
thief,小偷、賊
thirteenth,第十三
thirtieth,第三十
thought,思想
throat,咽喉、喉嚨
through,穿過、通過
throughout,遍及、貫穿
throw,扔
thumb,拇指
thunder,雷、打雷
thus,如此、因此
tidy,整潔的、整齊的
tie,拴、繫、領帶
till,直到為止
tiny,極小的、微小的
tip,頂、尖端、小費
title,標題、頭銜
toast,烤麵包片、土司
toe,腳趾
tofu,豆腐
toilet,浴室、廁所
Tokyo,東京
tongue,舌頭、語言
tool,工具
toothache,牙痛
toothbrush,牙刷
top,頂端、上部、最高的
topic,題目、話題、主題
total,總計
tour,旅行、遊歷
toward,朝、向
tower,塔
trace,追蹤、痕跡
track,跑道、軌道、跟蹤
trade,貿易、商業
tradition,傳統
traditional,傳統的
traffic jam,交通阻塞
traffic light,交通燈號誌
traffic lights,紅綠燈
traffic sign,交通號誌
train station,火車站
transportation,運輸
trap,陷阱、圈套
trash can,垃圾桶
travel,旅行
traveling,旅行的
treasure,財寶、寶藏
treat,對待、款待
triangle,三角板
trick,欺詐、詭計
trousers,褲子、長褲
trumpet,喇叭
trust,信任、信賴
truth,真相、真理
T-shirt,T恤
tub,桶、盆、浴盆
tummy,肚子
tunnel,隧道
turkey,火雞
turtle,海龜
twelfth,第十二
twentieth,第二十
twice,兩倍、兩次
type,類型、種類、打字
typewriter,打字機
ugly,醜陋的
uh-uh,嗯嗯
underlie,位於…的下面
underpass,地道、地下道
underwear,內衣
under-weight,重量不足
unfriendly,不友善地
unique,唯一的、獨特的
unit,個體、計量單位
universe,宇宙
university,大學
upon,在…上、憑靠
upstairs,在樓上、樓上的
used,用過的、習慣於…的
usual,通常的、平常的
Valentine's Day,西洋情人節
valley,山谷
valuable,貴重的、有價值的
value,價值、重視
VCR,錄影機
verb,動詞
vest,背心
victory,勝利
village,村莊、鄉村
vinegar,醋
violin,小提琴
visitor,參觀者、訪問者
vocabulary,字彙、生字
volleyball,排球
vote,投票
voter,投票者
waist,腰、腰部
walkman,隨身聽
wallet,錢包、皮夾
war,戰爭、鬥爭
washing machine,洗衣機
waste,浪費、毀壞
waterfall,瀑布
watermelon,西瓜
wave,揮動、浪、波濤
wedding,婚禮
weekday,周一到周五
weight,重量、體重
western,西的、西方的
whale,鯨魚
whatever,無論什麼
wheel,輪、車輪
while,在…的時候
whole,全部的、整體的
whom,誰
wide,寬闊的、廣泛的
wild,野生的、荒蕪的
willing,願意的、樂意的
wine,葡萄酒
wing,翅膀
winner,贏家、勝利者
within,在…內
wolf,狼
women's room,女廁所
wonder,感到驚訝、想知道
wood,木材
wooden,木製的
woods,樹林、森林
worried,煩惱的、擔心的
worth,值得
wound,創傷、傷口
wow,哎喲、哇
wrist,手腕
yard,院子、場地
youth,青春、年輕人
Youth Day,青年節
yucky,令人厭惡的
yummy,好吃的、美味的
zebra,斑馬
zero,零
false,假的
